return_0,return_1,return_diff
0.902,0.5,0.402
0.898,0.508,0.39
0.886,0.454,0.432
0.894,0.462,0.432
0.902,0.468,0.434
0.884,0.474,0.41000000000000003
0.896,0.48,0.41600000000000004
0.906,0.478,0.42800000000000005
0.91,0.456,0.454
0.882,0.5,0.382
