return_0,return_1,return_diff
0.896,0.634,0.262
0.918,0.62,0.29800000000000004
0.908,0.646,0.262
0.896,0.668,0.22799999999999998
0.916,0.62,0.29600000000000004
0.906,0.674,0.23199999999999998
0.892,0.712,0.18000000000000005
0.922,0.662,0.26
0.902,0.638,0.264
0.894,0.638,0.256
