return_0,return_1,return_diff
0.906,0.82,0.08600000000000008
0.882,0.802,0.07999999999999996
0.906,0.816,0.09000000000000008
0.9,0.794,0.10599999999999998
0.906,0.822,0.08400000000000007
0.886,0.812,0.07399999999999995
0.916,0.85,0.06600000000000006
0.904,0.804,0.09999999999999998
0.934,0.748,0.18600000000000005
0.916,0.786,0.13
