return_0,return_1,return_diff
0.92,0.558,0.362
0.914,0.5,0.41400000000000003
0.866,0.556,0.30999999999999994
0.916,0.538,0.378
0.898,0.578,0.32000000000000006
0.894,0.548,0.346
0.932,0.534,0.398
0.906,0.55,0.356
0.894,0.57,0.32400000000000007
0.87,0.574,0.29600000000000004
