return_0,return_1,return_diff
0.912,0.15,0.762
0.888,0.172,0.716
0.882,0.206,0.676
0.884,0.182,0.702
0.902,0.192,0.71
0.888,0.156,0.732
0.912,0.168,0.744
0.904,0.202,0.702
0.898,0.21,0.6880000000000001
0.882,0.198,0.6839999999999999
