return_0,return_1,return_diff
0.918,0.708,0.21000000000000008
0.888,0.72,0.16800000000000004
0.906,0.726,0.18000000000000005
0.9,0.716,0.18400000000000005
0.924,0.664,0.26
0.904,0.712,0.19200000000000006
0.892,0.71,0.18200000000000005
0.906,0.67,0.236
0.894,0.682,0.21199999999999997
0.904,0.708,0.19600000000000006
