return_0,return_1,return_diff
0.888,0.554,0.33399999999999996
0.912,0.476,0.43600000000000005
0.876,0.496,0.38
0.9,0.51,0.39
0.912,0.468,0.444
0.908,0.456,0.452
0.89,0.47,0.42000000000000004
0.896,0.538,0.358
0.862,0.516,0.346
0.886,0.5,0.386
