return_0,return_1,return_diff
0.904,0.58,0.32400000000000007
0.904,0.614,0.29000000000000004
0.898,0.558,0.33999999999999997
0.87,0.604,0.266
0.912,0.554,0.358
0.894,0.594,0.30000000000000004
0.896,0.57,0.32600000000000007
0.904,0.592,0.31200000000000006
0.91,0.556,0.354
0.902,0.592,0.31000000000000005
