return_0,return_1,return_diff
0.886,0.552,0.33399999999999996
0.882,0.576,0.30600000000000005
0.904,0.586,0.31800000000000006
0.874,0.54,0.33399999999999996
0.882,0.552,0.32999999999999996
0.894,0.57,0.32400000000000007
0.886,0.552,0.33399999999999996
0.892,0.57,0.32200000000000006
0.908,0.534,0.374
0.912,0.51,0.402
