return_0,return_1,return_diff
0.904,0.264,0.64
0.894,0.262,0.632
0.936,0.246,0.6900000000000001
0.906,0.236,0.67
0.892,0.24,0.652
0.898,0.258,0.64
0.894,0.248,0.646
0.896,0.27,0.626
0.914,0.282,0.6320000000000001
0.908,0.26,0.648
