return_0,return_1,return_diff
0.902,0.888,0.014000000000000012
0.908,0.84,0.06800000000000006
0.888,0.874,0.014000000000000012
0.912,0.85,0.062000000000000055
0.914,0.858,0.05600000000000005
0.902,0.878,0.02400000000000002
0.918,0.856,0.062000000000000055
0.906,0.854,0.052000000000000046
0.91,0.884,0.026000000000000023
0.896,0.86,0.03600000000000003
