return_0,return_1,return_diff
0.894,0.584,0.31000000000000005
0.898,0.574,0.32400000000000007
0.88,0.598,0.28200000000000003
0.89,0.628,0.262
0.894,0.578,0.31600000000000006
0.894,0.57,0.32400000000000007
0.892,0.576,0.31600000000000006
0.898,0.52,0.378
0.882,0.596,0.28600000000000003
0.886,0.57,0.31600000000000006
