return_0,return_1,return_diff
0.89,0.458,0.432
0.896,0.448,0.448
0.878,0.408,0.47000000000000003
0.89,0.432,0.458
0.9,0.416,0.48400000000000004
0.9,0.426,0.47400000000000003
0.91,0.384,0.526
0.896,0.412,0.48400000000000004
0.898,0.386,0.512
0.9,0.412,0.48800000000000004
