return_0,return_1,return_diff
0.902,0.698,0.20400000000000007
0.9,0.7,0.20000000000000007
0.898,0.712,0.18600000000000005
0.892,0.714,0.17800000000000005
0.886,0.69,0.19600000000000006
0.892,0.718,0.17400000000000004
0.894,0.69,0.20400000000000007
0.906,0.67,0.236
0.876,0.706,0.17000000000000004
0.91,0.718,0.19200000000000006
