return_0,return_1,return_diff
0.898,0.51,0.388
0.886,0.552,0.33399999999999996
0.886,0.5,0.386
0.906,0.548,0.358
0.918,0.502,0.41600000000000004
0.902,0.508,0.394
0.902,0.524,0.378
0.89,0.522,0.368
0.904,0.514,0.39
0.892,0.516,0.376
