return_0,return_1,return_diff
0.9,0.896,0.0040000000000000036
0.91,0.904,0.006000000000000005
0.886,0.928,-0.04200000000000004
0.904,0.912,-0.008000000000000007
0.862,0.88,-0.018000000000000016
0.87,0.902,-0.03200000000000003
0.906,0.898,0.008000000000000007
0.912,0.884,0.028000000000000025
0.904,0.898,0.006000000000000005
0.894,0.896,-0.0020000000000000018
