return_0,return_1,return_diff
0.916,0.858,0.05800000000000005
0.906,0.852,0.05400000000000005
0.898,0.87,0.028000000000000025
0.894,0.858,0.03600000000000003
0.9,0.868,0.03200000000000003
0.906,0.86,0.04600000000000004
0.912,0.854,0.05800000000000005
0.888,0.86,0.028000000000000025
0.906,0.85,0.05600000000000005
0.884,0.84,0.04400000000000004
