return_0,return_1,return_diff
0.876,0.696,0.18000000000000005
0.902,0.738,0.16400000000000003
0.886,0.764,0.122
0.894,0.768,0.126
0.882,0.71,0.17200000000000004
0.908,0.718,0.19000000000000006
0.898,0.72,0.17800000000000005
0.898,0.768,0.13
0.92,0.768,0.15200000000000002
0.892,0.756,0.136
