return_0,return_1,return_diff
0.9,0.31,0.5900000000000001
0.884,0.254,0.63
0.914,0.254,0.66
0.908,0.26,0.648
0.868,0.292,0.5760000000000001
0.898,0.284,0.6140000000000001
0.888,0.248,0.64
0.912,0.284,0.6280000000000001
0.904,0.266,0.638
0.888,0.254,0.634
