return_0,return_1,return_diff
0.904,0.89,0.014000000000000012
0.892,0.874,0.018000000000000016
0.894,0.88,0.014000000000000012
0.902,0.894,0.008000000000000007
0.908,0.888,0.020000000000000018
0.876,0.868,0.008000000000000007
0.904,0.894,0.010000000000000009
0.92,0.886,0.03400000000000003
0.89,0.884,0.006000000000000005
0.914,0.9,0.014000000000000012
