return_0,return_1,return_diff
0.906,0.4,0.506
0.888,0.398,0.49
0.884,0.424,0.46
0.896,0.41,0.48600000000000004
0.86,0.43,0.43
0.86,0.386,0.474
0.906,0.406,0.5
0.906,0.412,0.49400000000000005
0.878,0.364,0.514
0.888,0.364,0.524
