return_0,return_1,return_diff
0.912,0.388,0.524
0.916,0.34,0.5760000000000001
0.904,0.326,0.5780000000000001
0.89,0.32,0.5700000000000001
0.892,0.342,0.55
0.908,0.324,0.5840000000000001
0.884,0.328,0.556
0.9,0.358,0.542
0.91,0.366,0.544
0.926,0.392,0.534
