return_0,return_1,return_diff
0.912,0.686,0.22599999999999998
0.924,0.706,0.21800000000000008
0.918,0.684,0.23399999999999999
0.92,0.676,0.244
0.882,0.674,0.20799999999999996
0.91,0.634,0.276
0.878,0.656,0.22199999999999998
0.92,0.636,0.28400000000000003
0.892,0.696,0.19600000000000006
0.892,0.678,0.21399999999999997
