return_0,return_1,return_diff
0.884,0.31,0.5740000000000001
0.914,0.3,0.6140000000000001
0.91,0.294,0.6160000000000001
0.882,0.24,0.642
0.888,0.272,0.616
0.904,0.28,0.624
0.89,0.34,0.55
0.886,0.268,0.618
0.906,0.334,0.5720000000000001
0.92,0.29,0.6300000000000001
