return_0,return_1,return_diff
0.882,0.764,0.118
0.888,0.754,0.134
0.9,0.746,0.15400000000000003
0.906,0.77,0.136
0.912,0.742,0.17000000000000004
0.882,0.762,0.12
0.9,0.808,0.09199999999999997
0.868,0.746,0.122
0.892,0.772,0.12
0.878,0.754,0.124
