return_0,return_1,return_diff
0.892,0.374,0.518
0.916,0.432,0.48400000000000004
0.896,0.39,0.506
0.9,0.4,0.5
0.896,0.412,0.48400000000000004
0.892,0.436,0.456
0.884,0.396,0.488
0.884,0.388,0.496
0.904,0.426,0.47800000000000004
0.888,0.392,0.496
