return_0,return_1,return_diff
0.882,0.626,0.256
0.888,0.598,0.29000000000000004
0.862,0.55,0.31199999999999994
0.876,0.576,0.30000000000000004
0.918,0.58,0.3380000000000001
0.896,0.63,0.266
0.876,0.6,0.276
0.866,0.638,0.22799999999999998
0.908,0.616,0.29200000000000004
0.868,0.598,0.27
