return_0,return_1,return_diff
0.898,0.664,0.23399999999999999
0.888,0.604,0.28400000000000003
0.906,0.588,0.31800000000000006
0.886,0.664,0.22199999999999998
0.91,0.652,0.258
0.854,0.642,0.21199999999999997
0.892,0.666,0.22599999999999998
0.912,0.622,0.29000000000000004
0.916,0.654,0.262
0.896,0.652,0.244
