return_0,return_1,return_diff
0.898,0.798,0.09999999999999998
0.884,0.846,0.038000000000000034
0.904,0.814,0.09000000000000008
0.884,0.822,0.062000000000000055
0.902,0.836,0.06600000000000006
0.904,0.826,0.07800000000000007
0.878,0.838,0.040000000000000036
0.89,0.846,0.04400000000000004
0.908,0.854,0.05400000000000005
0.884,0.852,0.03200000000000003
