return_0,return_1,return_diff
0.896,0.344,0.552
0.898,0.298,0.6000000000000001
0.93,0.296,0.6340000000000001
0.902,0.318,0.5840000000000001
0.91,0.292,0.6180000000000001
0.902,0.32,0.5820000000000001
0.908,0.296,0.6120000000000001
0.9,0.34,0.56
0.898,0.302,0.5960000000000001
0.904,0.332,0.5720000000000001
