return_0,return_1,return_diff
0.908,0.884,0.02400000000000002
0.876,0.88,-0.0040000000000000036
0.892,0.884,0.008000000000000007
0.898,0.906,-0.008000000000000007
0.908,0.892,0.016000000000000014
0.9,0.888,0.01200000000000001
0.904,0.888,0.016000000000000014
0.886,0.876,0.010000000000000009
0.902,0.894,0.008000000000000007
0.91,0.87,0.040000000000000036
