return_0,return_1,return_diff
0.904,0.184,0.72
0.904,0.202,0.702
0.872,0.222,0.65
0.898,0.228,0.67
0.878,0.232,0.646
0.896,0.214,0.682
0.91,0.22,0.6900000000000001
0.904,0.214,0.6900000000000001
0.884,0.232,0.652
0.908,0.218,0.6900000000000001
