return_0,return_1,return_diff
0.924,0.724,0.20000000000000007
0.908,0.73,0.17800000000000005
0.868,0.762,0.10599999999999998
0.888,0.732,0.15600000000000003
0.9,0.76,0.14
0.902,0.736,0.16600000000000004
0.888,0.748,0.14
0.894,0.728,0.16600000000000004
0.904,0.72,0.18400000000000005
0.896,0.706,0.19000000000000006
