return_0,return_1,return_diff
0.91,0.22,0.6900000000000001
0.894,0.238,0.656
0.918,0.248,0.67
0.914,0.284,0.6300000000000001
0.896,0.256,0.64
0.916,0.248,0.668
0.902,0.25,0.652
0.888,0.248,0.64
0.892,0.27,0.622
0.9,0.208,0.6920000000000001
