return_0,return_1,return_diff
0.912,0.666,0.246
0.886,0.736,0.15000000000000002
0.91,0.68,0.22999999999999998
0.922,0.656,0.266
0.902,0.686,0.21599999999999997
0.884,0.674,0.20999999999999996
0.874,0.712,0.16200000000000003
0.906,0.704,0.20200000000000007
0.904,0.668,0.236
0.908,0.684,0.22399999999999998
