return_0,return_1,return_diff
0.896,0.728,0.16800000000000004
0.894,0.728,0.16600000000000004
0.902,0.7,0.20200000000000007
0.896,0.688,0.20800000000000007
0.894,0.704,0.19000000000000006
0.912,0.692,0.22000000000000008
0.912,0.728,0.18400000000000005
0.884,0.738,0.14600000000000002
0.892,0.676,0.21599999999999997
0.928,0.704,0.2240000000000001
