return_0,return_1,return_diff
0.902,0.822,0.08000000000000007
0.906,0.806,0.09999999999999998
0.898,0.804,0.09399999999999997
0.902,0.822,0.08000000000000007
0.894,0.816,0.07800000000000007
0.878,0.814,0.06400000000000006
0.89,0.796,0.09399999999999997
0.874,0.824,0.050000000000000044
0.908,0.812,0.09599999999999997
0.91,0.83,0.08000000000000007
