return_0,return_1,return_diff
0.91,0.312,0.5980000000000001
0.898,0.316,0.5820000000000001
0.912,0.272,0.64
0.922,0.274,0.648
0.898,0.288,0.6100000000000001
0.912,0.292,0.6200000000000001
0.884,0.318,0.5660000000000001
0.898,0.318,0.5800000000000001
0.896,0.3,0.5960000000000001
0.884,0.272,0.612
