return_0,return_1,return_diff
0.88,0.608,0.272
0.892,0.654,0.238
0.902,0.614,0.28800000000000003
0.894,0.612,0.28200000000000003
0.918,0.6,0.31800000000000006
0.876,0.64,0.236
0.884,0.586,0.29800000000000004
0.896,0.604,0.29200000000000004
0.902,0.644,0.258
0.904,0.602,0.30200000000000005
