return_0,return_1,return_diff
0.894,0.176,0.718
0.916,0.196,0.72
0.89,0.214,0.676
0.892,0.154,0.738
0.912,0.19,0.722
0.9,0.202,0.698
0.898,0.202,0.696
0.866,0.202,0.6639999999999999
0.89,0.222,0.668
0.872,0.202,0.6699999999999999
