return_0,return_1,return_diff
0.89,0.32,0.5700000000000001
0.902,0.318,0.5840000000000001
0.874,0.25,0.624
0.918,0.286,0.6320000000000001
0.904,0.294,0.6100000000000001
0.906,0.312,0.5940000000000001
0.878,0.27,0.608
0.904,0.292,0.6120000000000001
0.9,0.276,0.624
0.874,0.276,0.598
