return_0,return_1,return_diff
0.88,0.73,0.15000000000000002
0.888,0.628,0.26
0.914,0.644,0.27
0.9,0.668,0.23199999999999998
0.906,0.638,0.268
0.926,0.644,0.28200000000000003
0.874,0.674,0.19999999999999996
0.878,0.654,0.22399999999999998
0.914,0.666,0.248
0.902,0.672,0.22999999999999998
