return_0,return_1,return_diff
0.916,0.292,0.6240000000000001
0.898,0.376,0.522
0.916,0.306,0.6100000000000001
0.884,0.302,0.5820000000000001
0.904,0.3,0.6040000000000001
0.876,0.322,0.554
0.886,0.332,0.554
0.892,0.334,0.558
0.902,0.298,0.6040000000000001
0.892,0.352,0.54
