return_0,return_1,return_diff
0.89,0.458,0.432
0.87,0.484,0.386
0.91,0.436,0.47400000000000003
0.888,0.48,0.40800000000000003
0.904,0.474,0.43000000000000005
0.9,0.468,0.432
0.898,0.438,0.46
0.898,0.454,0.444
0.898,0.452,0.446
0.914,0.446,0.468
