return_0,return_1,return_diff
0.892,0.546,0.346
0.888,0.552,0.33599999999999997
0.896,0.504,0.392
0.888,0.528,0.36
0.902,0.53,0.372
0.914,0.562,0.352
0.912,0.552,0.36
0.906,0.53,0.376
0.884,0.574,0.31000000000000005
0.892,0.552,0.33999999999999997
