return_0,return_1,return_diff
0.892,0.832,0.06000000000000005
0.894,0.802,0.09199999999999997
0.886,0.82,0.06600000000000006
0.908,0.834,0.07400000000000007
0.924,0.806,0.118
0.896,0.812,0.08399999999999996
0.89,0.808,0.08199999999999996
0.906,0.846,0.06000000000000005
0.876,0.848,0.028000000000000025
0.91,0.808,0.10199999999999998
