return_0,return_1,return_diff
0.854,0.432,0.422
0.898,0.47,0.42800000000000005
0.91,0.41,0.5
0.884,0.43,0.454
0.912,0.43,0.48200000000000004
0.912,0.374,0.538
0.878,0.426,0.452
0.882,0.438,0.444
0.902,0.43,0.47200000000000003
0.898,0.454,0.444
