return_0,return_1,return_diff
0.876,0.842,0.03400000000000003
0.924,0.794,0.13
0.896,0.818,0.07800000000000007
0.894,0.736,0.15800000000000003
0.904,0.768,0.136
0.9,0.766,0.134
0.908,0.782,0.126
0.91,0.764,0.14600000000000002
0.902,0.812,0.08999999999999997
0.906,0.828,0.07800000000000007
