return_0,return_1,return_diff
0.908,0.746,0.16200000000000003
0.906,0.684,0.22199999999999998
0.892,0.746,0.14600000000000002
0.864,0.724,0.14
0.914,0.704,0.21000000000000008
0.88,0.742,0.138
0.892,0.72,0.17200000000000004
0.894,0.744,0.15000000000000002
0.908,0.724,0.18400000000000005
0.9,0.702,0.19800000000000006
