return_0,return_1,return_diff
0.894,0.6,0.29400000000000004
0.892,0.584,0.30800000000000005
0.91,0.55,0.36
0.898,0.554,0.344
0.908,0.58,0.32800000000000007
0.896,0.562,0.33399999999999996
0.902,0.584,0.31800000000000006
0.902,0.544,0.358
0.906,0.578,0.32800000000000007
0.894,0.558,0.33599999999999997
