return_0,return_1,return_diff
0.914,0.754,0.16000000000000003
0.906,0.762,0.14400000000000002
0.916,0.784,0.132
0.878,0.78,0.09799999999999998
0.88,0.744,0.136
0.89,0.758,0.132
0.904,0.768,0.136
0.896,0.758,0.138
0.886,0.744,0.14200000000000002
0.856,0.814,0.04200000000000004
