return_0,return_1,return_diff
0.902,0.606,0.29600000000000004
0.914,0.576,0.3380000000000001
0.908,0.628,0.28
0.914,0.586,0.32800000000000007
0.894,0.608,0.28600000000000003
0.89,0.594,0.29600000000000004
0.912,0.56,0.352
0.894,0.594,0.30000000000000004
0.908,0.626,0.28200000000000003
0.896,0.594,0.30200000000000005
