return_0,return_1,return_diff
0.886,0.836,0.050000000000000044
0.912,0.864,0.04800000000000004
0.906,0.85,0.05600000000000005
0.916,0.85,0.06600000000000006
0.9,0.868,0.03200000000000003
0.89,0.848,0.04200000000000004
0.916,0.824,0.09200000000000008
0.912,0.834,0.07800000000000007
0.874,0.836,0.038000000000000034
0.912,0.84,0.07200000000000006
