return_0,return_1,return_diff
0.89,0.332,0.558
0.892,0.338,0.554
0.906,0.33,0.5760000000000001
0.904,0.37,0.534
0.906,0.356,0.55
0.886,0.344,0.542
0.89,0.314,0.5760000000000001
0.896,0.328,0.5680000000000001
0.892,0.314,0.5780000000000001
0.896,0.346,0.55
