return_0,return_1,return_diff
0.888,0.486,0.402
0.908,0.476,0.43200000000000005
0.898,0.482,0.41600000000000004
0.902,0.516,0.386
0.914,0.502,0.41200000000000003
0.898,0.506,0.392
0.89,0.474,0.41600000000000004
0.906,0.506,0.4
0.906,0.472,0.43400000000000005
0.904,0.458,0.446
