return_0,return_1,return_diff
0.924,0.416,0.508
0.904,0.408,0.49600000000000005
0.884,0.416,0.468
0.896,0.402,0.494
0.91,0.384,0.526
0.9,0.424,0.47600000000000003
0.924,0.412,0.512
0.9,0.372,0.528
0.9,0.43,0.47000000000000003
0.898,0.404,0.494
