return_0,return_1,return_diff
0.868,0.838,0.030000000000000027
0.898,0.84,0.05800000000000005
0.912,0.862,0.050000000000000044
0.868,0.844,0.02400000000000002
0.884,0.868,0.016000000000000014
0.912,0.82,0.09200000000000008
0.888,0.86,0.028000000000000025
0.884,0.854,0.030000000000000027
0.918,0.852,0.06600000000000006
0.9,0.832,0.06800000000000006
