return_0,return_1,return_diff
0.904,0.436,0.468
0.892,0.458,0.434
0.892,0.45,0.442
0.92,0.412,0.508
0.886,0.422,0.464
0.9,0.418,0.48200000000000004
0.912,0.414,0.49800000000000005
0.926,0.442,0.48400000000000004
0.904,0.438,0.466
0.894,0.468,0.426
