return_0,return_1,return_diff
0.892,0.324,0.5680000000000001
0.9,0.34,0.56
0.898,0.32,0.5780000000000001
0.884,0.31,0.5740000000000001
0.888,0.276,0.612
0.89,0.328,0.562
0.896,0.308,0.5880000000000001
0.888,0.354,0.534
0.886,0.32,0.5660000000000001
0.884,0.308,0.5760000000000001
