return_0,return_1,return_diff
0.908,0.588,0.32000000000000006
0.896,0.646,0.25
0.882,0.632,0.25
0.882,0.664,0.21799999999999997
0.906,0.62,0.28600000000000003
0.892,0.654,0.238
0.892,0.598,0.29400000000000004
0.928,0.646,0.28200000000000003
0.874,0.648,0.22599999999999998
0.92,0.67,0.25
