return_0,return_1,return_diff
0.914,0.792,0.122
0.9,0.786,0.11399999999999999
0.892,0.798,0.09399999999999997
0.884,0.764,0.12
0.906,0.78,0.126
0.9,0.78,0.12
0.896,0.832,0.06400000000000006
0.908,0.794,0.11399999999999999
0.888,0.794,0.09399999999999997
0.878,0.802,0.07599999999999996
