return_0,return_1,return_diff
0.886,0.69,0.19600000000000006
0.894,0.668,0.22599999999999998
0.912,0.684,0.22799999999999998
0.9,0.688,0.21200000000000008
0.904,0.654,0.25
0.894,0.662,0.23199999999999998
0.872,0.688,0.18400000000000005
0.904,0.656,0.248
0.896,0.656,0.24
0.902,0.704,0.19800000000000006
