return_0_means,return_1_means,return_diff_means,return_0_stds,return_1_stds,return_diff_stds,powers
17.822862509434067,8.163933305953169,9.658929203480902,2.813582793580214,20.140721027587652,20.726371804719548,0.07
17.822862509434067,16.04465568684079,1.778206822593282,2.813582793580214,6.042598654818764,6.506488767443275,0.05
17.822862509434067,10.437781421660523,7.385081087773545,2.813582793580214,23.186935635479006,22.972414017841523,0.04
17.822862509434067,2.0515720975750114,15.77129041185906,2.813582793580214,26.77707678316887,26.22967861192491,0.02
