return_0_means,return_1_means,return_diff_means,return_0_stds,return_1_stds,return_diff_stds
74.78214921267389,72.31966908573335,2.462480126940554,16.734034897224166,22.498312695800855,25.79275335975659
74.78214921267389,34.00036588777548,40.78178332489841,16.734034897224166,5.2360301046720314,17.734265813780162
74.78214921267389,12.727276921128151,62.054872291545735,16.734034897224166,2.6365198478747356,15.883521685080062
74.78214921267389,9.73677888736175,65.04537032531213,16.734034897224166,1.2729376029762949,16.78354056870327
74.78214921267389,8.567974548583981,66.21417466408992,16.734034897224166,1.5031561767795178,15.832426387979982
74.78214921267389,6.857987634911469,67.92416157776242,16.734034897224166,0.7708970830240468,16.461382653912047
