return_0_means,return_1_means,return_diff_means,return_0_stds,return_1_stds,return_diff_stds
-63.49880756622431,-61.41886358013905,-2.0799439860852424,5.053665722207262,3.552475095725228,7.6656442439032455
-63.49880756622431,-64.12135885934143,0.6225512931171273,5.053665722207262,4.301679245227994,5.795035614604872
-63.49880756622431,-62.194823375250486,-1.3039841909738137,5.053665722207262,2.683496360635026,4.735213523319662
-63.49880756622431,-62.14557588145082,-1.3532316847734904,5.053665722207262,2.867538021376608,7.1215664736395565
-63.49880756622431,-61.64318011914763,-1.8556274470766738,5.053665722207262,3.106672623424053,3.755812231571058
-63.49880756622431,-62.992008022367486,-0.5067995438568268,5.053665722207262,2.2009551556500786,4.565975598541112
-63.49880756622431,-60.15959290702186,-3.3392146592024345,5.053665722207262,3.4879472626538512,7.061196264257181
-63.49880756622431,-62.688877536896214,-0.809930029328094,5.053665722207262,5.592478592126587,7.521174577820876
-63.49880756622431,-62.06836199521253,-1.4304455710117878,5.053665722207262,5.683151719426566,6.847709105437101
