return_0_means,return_1_means,return_diff_means,return_0_stds,return_1_stds,return_diff_stds,powers
5.4572442135526105,16.831624091807676,-11.374379878255063,25.524242959883914,3.435320487237209,24.698238464571254,0.0
5.4572442135526105,18.660119035768574,-13.202874822215966,25.524242959883914,1.593091955628659,26.32000650276476,0.0
5.4572442135526105,13.644737712047922,-8.187493498495314,25.524242959883914,17.016488074739847,32.894061224184505,0.0
5.4572442135526105,12.404647448314686,-6.947403234762075,25.524242959883914,17.61990811560603,18.984044020718382,0.0
