return_0_means,return_1_means,return_diff_means,return_0_stds,return_1_stds,return_diff_stds
-60.110274983913506,-63.73182077815678,3.621545794243268,3.6059999229478708,0.27620827103673284,3.6541834208376427
-60.110274983913506,-52.407242488381236,-7.703032495532279,3.6059999229478708,3.103289835310211,4.643217704852011
-60.110274983913506,-48.73721510996377,-11.373059873949748,3.6059999229478708,3.7032093998441216,5.2836722706409205
-60.110274983913506,-37.208026456255375,-22.902248527658138,3.6059999229478708,10.530924796921322,11.318717072795172
-60.110274983913506,-29.777633769906224,-30.33264121400729,3.6059999229478708,10.538199334534639,12.543322393670113
-60.110274983913506,-28.776902123980868,-31.33337285993265,3.6059999229478708,10.406904564834818,10.344795072039275
-60.110274983913506,-23.246199572837817,-36.864075411075696,3.6059999229478708,9.01069908525706,10.651604633280186
-60.110274983913506,-20.254924975319245,-39.855350008594264,3.6059999229478708,6.927266270846466,5.9721827711978275
-60.110274983913506,-18.318196782118836,-41.79207820179468,3.6059999229478708,5.280371244185433,5.266473260277155
