return_0_means,return_1_means,return_diff_means,return_0_stds,return_1_stds,return_diff_stds
85.82024163177051,74.56656286347241,11.253678768298114,19.23466846236162,34.40489637081395,43.18623154726779
85.82024163177051,-155.89430102350133,241.71454265527186,19.23466846236162,106.34666992239646,109.57158403695772
85.82024163177051,-160.7767621309366,246.59700376270712,19.23466846236162,181.87317926937646,193.54054476610852
85.82024163177051,-244.43202395248278,330.25226558425334,19.23466846236162,174.74782889576844,170.84364372929141
