return_0_means,return_1_means,return_diff_means,return_0_stds,return_1_stds,return_diff_stds
-61.52647554749156,-60.30742268199494,-1.2190528654966144,3.1562605313413843,3.5648491231033095,5.094668636733683
-61.52647554749156,-75.14059779707891,13.614122249587354,3.1562605313413843,2.691809197293301,4.958132782837398
-61.52647554749156,-75.6834070654736,14.156931517982056,3.1562605313413843,4.224771632768446,3.434591437816153
-61.52647554749156,-85.73601218906165,24.209536641570118,3.1562605313413843,1.4210854715202004e-14,3.1562605313413847
-61.52647554749156,-85.73601218906165,24.209536641570118,3.1562605313413843,1.4210854715202004e-14,3.1562605313413847
-61.52647554749156,-85.73601218906165,24.209536641570118,3.1562605313413843,1.4210854715202004e-14,3.1562605313413847
-61.52647554749156,-85.73601218906165,24.209536641570118,3.1562605313413843,1.4210854715202004e-14,3.1562605313413847
-61.52647554749156,-85.73601218906165,24.209536641570118,3.1562605313413843,1.4210854715202004e-14,3.1562605313413847
