return_0_means,return_1_means,return_diff_means,return_0_stds,return_1_stds,return_diff_stds
-62.102302959999555,-63.401124140903356,1.2988211809037957,2.9557824571271567,1.9124955359954365,2.2039924938460858
-62.102302959999555,-62.55614243221858,0.4538394722190112,2.9557824571271567,3.1597409511041636,4.271643897089461
-62.102302959999555,-85.73601218906165,23.6337092290621,2.9557824571271567,1.4210854715202004e-14,2.9557824571271567
-62.102302959999555,-85.73601218906165,23.6337092290621,2.9557824571271567,1.4210854715202004e-14,2.9557824571271567
-62.102302959999555,-85.73601218906165,23.6337092290621,2.9557824571271567,1.4210854715202004e-14,2.9557824571271567
